species,rank,wars_won,wars_lost,medalsAwarded,no_Of_punishment,yearsSpentInRank,money,no_of_conversations_with_phygerian,no_of_species_of_this_kind,no_of_converations_w_others,no_of_arguments_w_others,wars_participated_percentage
Quixnar,4,4,48,4,17,18,39823,37,96,1,12,47.27272727272727
Aquari,4,5,48,4,8,16,75507,46,101,37,12,48.18181818181818
Zorblax,1,37,14,11,2,25,33053,13,111,46,17,46.36363636363636
Nexoon,5,40,44,4,9,37,38024,74,94,84,19,76.36363636363637
Zorblax,5,26,22,4,15,21,76813,41,111,51,19,43.63636363636363
Quixnar,1,38,24,5,21,25,45052,45,96,38,20,56.36363636363636
Quixnar,4,49,11,7,18,11,6682,21,96,30,18,54.54545454545454
Florian,3,44,39,17,1,8,59053,46,99,44,7,75.45454545454545
Emotivor,1,24,36,8,20,8,59014,41,86,61,20,54.54545454545454
Zorblax,3,8,38,15,7,38,1694,87,111,95,1,41.81818181818181
Sentire,5,25,11,12,27,24,33736,72,96,57,5,32.72727272727273
Quixnar,1,44,11,0,16,24,79975,96,96,8,9,50.0
Emotivor,1,35,7,16,15,14,16628,14,86,80,16,38.18181818181819
Mythron,2,41,28,3,15,3,66923,15,122,17,2,62.727272727272734
Faerix,3,36,37,3,5,30,2105,88,96,32,7,66.36363636363637
Zorblax,4,17,14,16,18,20,66625,61,111,64,12,28.18181818181818
Quixnar,4,49,8,16,4,3,38746,27,96,73,5,51.81818181818182
Emotivor,3,35,12,29,14,1,67998,6,86,26,9,42.72727272727273
Sentire,2,3,8,1,20,24,23786,69,96,29,14,10.0
Mythron,1,48,22,12,6,4,68904,5,122,98,4,63.63636363636363
Zorblax,3,47,42,5,10,13,67854,93,111,37,16,80.9090909090909
Sentire,1,25,44,12,19,16,91816,48,96,81,19,62.727272727272734
Zorblax,2,33,24,0,18,2,21873,49,111,24,17,51.81818181818182
Nexoon,5,32,12,19,4,13,62816,83,94,22,2,40.0
Nexoon,1,25,5,1,10,24,7677,36,94,40,15,27.27272727272727
Aquari,2,12,43,10,15,6,85638,65,101,59,18,50.0
Aquari,3,6,39,5,26,11,29128,94,101,35,31,40.909090909090914
Quixnar,4,44,32,4,12,3,74392,36,96,82,26,69.0909090909091
Mythron,5,23,42,14,10,9,72438,28,122,71,1,59.09090909090909
Cybex,5,36,39,10,7,2,75501,52,99,1,11,68.18181818181817
Aquari,2,12,22,9,20,4,4241,51,101,56,18,30.909090909090907
Faerix,4,33,10,15,16,17,98967,91,96,26,12,39.09090909090909
Aquari,1,16,5,2,0,25,49678,52,101,49,13,19.090909090909093
Aquari,3,31,10,8,1,9,136002,15,101,21,13,37.27272727272727
Sentire,4,25,29,7,20,33,56060,91,96,71,3,49.09090909090909
Nexoon,3,22,30,16,10,8,3601,12,94,85,18,47.27272727272727
Zorblax,4,33,50,13,2,37,5177,83,111,47,5,75.45454545454545
Cybex,3,22,22,3,1,37,56483,58,99,57,12,40.0
Quixnar,5,48,14,20,23,28,85132,92,96,3,17,56.36363636363636
Nexoon,1,37,46,14,7,2,72842,67,94,14,7,75.45454545454545
Florian,2,8,32,8,19,26,116368,1,99,3,20,36.36363636363637
Mythron,5,44,27,17,19,31,81620,41,122,65,3,64.54545454545455
Mythron,3,36,50,17,8,22,741,10,122,100,3,78.18181818181819
Mythron,5,4,7,5,13,11,94539,32,122,56,15,10.0
Sentire,2,42,36,15,10,3,38952,44,96,16,35,70.9090909090909
Quixnar,2,15,17,3,1,29,7963,76,96,75,18,29.09090909090909
Emotivor,2,42,13,16,15,7,61945,1,86,15,35,50.0
Cybex,4,5,20,6,20,5,50452,21,99,51,13,22.727272727272727
Florian,4,49,7,17,2,33,70806,53,99,9,5,50.90909090909091
Florian,5,43,34,7,22,24,52847,17,99,52,19,70.0
Florian,2,2,16,12,29,14,81160,15,99,25,12,16.363636363636363
Nexoon,4,39,32,15,13,21,12125,81,94,23,31,64.54545454545455
Nexoon,1,47,16,0,1,1,19575,28,94,36,15,57.27272727272727
Quixnar,3,13,26,7,19,12,13122,39,96,63,7,35.45454545454545
Mythron,3,24,49,15,5,18,61986,24,122,25,0,66.36363636363637
Mythron,2,16,46,9,29,1,3158,41,122,61,19,56.36363636363636
Faerix,4,12,1,12,28,34,26960,27,96,50,1,11.818181818181818
Cybex,4,4,2,16,8,27,77177,20,99,90,9,5.454545454545454
Florian,2,1,8,13,15,44,48691,95,99,36,8,8.181818181818182
Zorblax,5,34,28,8,4,30,39449,28,111,98,28,56.36363636363636
Cybex,5,37,26,21,16,17,63521,64,99,51,18,57.27272727272727
Faerix,1,20,31,4,9,2,40655,84,96,62,13,46.36363636363636
Zorblax,2,19,43,16,12,13,47564,1,111,4,16,56.36363636363636
Aquari,4,11,32,9,10,20,40746,8,101,81,9,39.09090909090909
Aquari,4,35,2,11,13,26,95270,76,101,98,10,33.63636363636363
Aquari,1,17,28,14,8,31,35132,83,101,63,17,40.909090909090914
Sentire,2,13,7,3,8,10,38976,14,96,56,13,18.181818181818183
Aquari,5,46,0,19,1,15,69493,4,101,45,17,41.81818181818181
Emotivor,3,48,20,13,9,14,15247,41,86,60,13,61.81818181818181
Quixnar,4,20,49,18,0,21,19833,83,96,18,16,62.727272727272734
Mythron,3,3,25,12,10,12,41850,63,122,60,25,25.454545454545453
Faerix,4,2,6,5,9,21,81828,85,96,46,13,7.2727272727272725
Faerix,5,38,3,3,8,21,27193,53,96,37,12,37.27272727272727
Aquari,1,41,9,8,13,9,14739,6,101,55,12,45.45454545454545
Mythron,1,31,27,13,14,23,35886,30,122,42,23,52.72727272727272
Faerix,3,42,12,19,20,29,62733,2,96,98,17,49.09090909090909
Nexoon,3,5,34,1,34,24,97979,73,94,96,6,35.45454545454545
Nexoon,3,28,1,20,1,10,78254,17,94,44,0,26.36363636363636
Sentire,4,31,40,2,16,7,53280,15,96,67,18,64.54545454545455
Mythron,4,27,35,2,9,22,34906,21,122,94,10,56.36363636363636
Nexoon,1,19,31,2,16,43,27540,28,94,51,19,45.45454545454545
Zorblax,1,34,3,2,7,17,71249,73,111,79,11,33.63636363636363
Sentire,2,49,2,6,20,1,94863,92,96,62,10,46.36363636363636
Cybex,5,31,18,2,1,21,54708,48,99,65,12,44.54545454545455
Faerix,3,14,4,14,4,8,80620,1,96,1,7,16.363636363636363
Florian,3,15,1,18,14,11,66711,71,99,8,0,14.545454545454545
Mythron,4,42,10,2,11,55,55544,29,122,17,4,47.27272727272727
Cybex,5,17,18,12,10,29,22363,99,99,42,6,31.818181818181817
Florian,1,1,37,1,2,24,70782,8,99,4,20,34.54545454545455
Faerix,4,23,17,1,13,3,81977,64,96,52,8,36.36363636363637
Zorblax,4,34,43,6,11,5,42632,94,111,32,17,70.0
Cybex,1,22,48,16,5,1,51421,24,99,3,16,63.63636363636363
Mythron,1,4,49,9,24,17,3676,2,122,65,7,48.18181818181818
Mythron,3,23,30,10,3,20,91536,35,122,71,3,48.18181818181818
Zorblax,3,33,29,9,10,6,6386,6,111,78,0,56.36363636363636
Cybex,5,22,34,12,7,29,65518,45,99,31,8,50.90909090909091
Sentire,4,8,11,1,5,17,75362,68,96,35,1,17.272727272727273
Aquari,1,48,3,18,10,25,22627,81,101,39,9,46.36363636363636
Faerix,5,17,45,32,13,23,72037,5,96,26,20,56.36363636363636
Emotivor,2,21,6,1,33,9,38241,22,86,92,16,24.545454545454547
Cybex,2,5,41,7,20,2,48774,93,99,3,5,41.81818181818181
Faerix,5,26,3,1,21,24,7003,72,96,88,24,26.36363636363636
Mythron,1,47,8,20,2,40,73495,80,122,80,17,50.0
Faerix,3,16,19,19,8,16,18712,52,96,78,17,31.818181818181817
Faerix,5,0,1,6,13,5,67029,8,96,50,0,0.9090909090909091
Mythron,4,9,45,19,12,9,8091,48,122,4,9,49.09090909090909
Emotivor,1,1,33,1,13,14,150934,34,86,19,11,30.909090909090907
Mythron,2,12,8,11,11,21,17942,95,122,4,35,18.181818181818183
Nexoon,1,15,7,14,16,11,60896,89,94,29,19,20.0
Nexoon,4,30,34,4,18,4,2,87,94,40,1,58.18181818181818
Sentire,4,7,29,7,21,32,144696,71,96,100,9,32.72727272727273
Faerix,2,42,35,10,1,30,11956,95,96,34,22,70.0
Aquari,4,46,6,14,5,11,117599,43,101,66,15,47.27272727272727
Cybex,2,42,34,14,17,27,119568,7,99,96,3,69.0909090909091
Zorblax,5,41,22,25,8,10,23063,75,111,9,15,57.27272727272727
Nexoon,1,26,21,8,14,21,95155,95,94,79,12,42.72727272727273
Zorblax,4,44,17,11,20,39,40247,92,111,92,2,55.45454545454545
Quixnar,3,33,0,16,30,20,64294,98,96,67,14,30.0
Nexoon,4,28,33,18,15,14,10134,68,94,2,1,55.45454545454545
Florian,5,46,24,17,4,24,98246,85,99,88,15,63.63636363636363
Mythron,4,11,11,0,5,11,28313,73,122,25,14,20.0
Zorblax,3,34,30,20,15,1,43828,38,111,99,4,58.18181818181818
Sentire,1,8,11,19,17,1,53976,14,96,56,7,17.272727272727273
Zorblax,4,46,10,14,15,32,77748,52,111,59,0,50.90909090909091
Mythron,4,35,17,6,12,4,51,42,122,38,2,47.27272727272727
Emotivor,4,50,30,2,14,45,90187,19,86,58,13,72.72727272727273
Aquari,1,28,40,4,37,10,32044,41,101,32,15,61.81818181818181
Faerix,1,26,41,15,18,14,43441,98,96,1,5,60.909090909090914
Cybex,2,43,14,10,13,33,159539,41,99,68,4,51.81818181818182
Florian,2,40,19,6,1,28,65761,69,99,6,19,53.63636363636364
Aquari,5,15,28,10,12,26,28639,91,101,64,0,39.09090909090909
Cybex,3,18,38,6,11,27,81959,50,99,75,9,50.90909090909091
Faerix,1,27,17,0,10,8,46854,83,96,82,15,40.0
Aquari,3,36,15,8,5,24,95633,36,101,66,1,46.36363636363636
Emotivor,4,22,34,5,11,22,135855,0,86,4,8,50.90909090909091
Quixnar,3,40,28,0,2,9,78882,12,96,90,29,61.81818181818181
Faerix,2,6,46,7,1,27,32254,15,96,56,21,47.27272727272727
Nexoon,5,29,39,15,7,3,75281,9,94,36,9,61.81818181818181
Aquari,1,15,40,10,24,26,78243,40,101,18,8,50.0
Emotivor,3,50,20,11,17,27,66882,94,86,84,2,63.63636363636363
Faerix,4,0,46,19,13,13,36175,52,96,13,8,41.81818181818181
Quixnar,3,22,13,13,17,35,3118,4,96,55,10,31.818181818181817
Sentire,5,21,27,16,13,20,69948,88,96,97,17,43.63636363636363
Aquari,3,16,3,20,20,39,49849,61,101,31,6,17.272727272727273
Mythron,1,41,24,2,1,29,47956,5,122,41,7,59.09090909090909
Faerix,2,18,2,1,12,2,98045,79,96,77,8,18.181818181818183
Sentire,4,38,42,6,15,7,81731,43,96,99,10,72.72727272727273
Sentire,1,50,14,1,4,30,19091,23,96,95,0,58.18181818181818
Sentire,3,37,45,15,12,13,16004,85,96,28,2,74.54545454545455
Quixnar,2,17,47,20,15,23,92628,37,96,7,21,58.18181818181818
Mythron,1,43,16,11,5,25,84761,30,122,6,12,53.63636363636364
Emotivor,1,20,41,3,19,30,6941,21,86,50,4,55.45454545454545
Mythron,2,7,42,15,2,3,97983,69,122,34,12,44.54545454545455
Zorblax,5,30,31,0,20,11,26350,46,111,32,14,55.45454545454545
Cybex,3,33,42,10,13,7,80445,32,99,84,14,68.18181818181817
Cybex,5,46,34,14,11,8,29072,89,99,93,13,72.72727272727273
Cybex,2,26,32,16,16,27,117249,40,99,5,18,52.72727272727272
Florian,2,39,14,11,18,8,71075,81,99,50,17,48.18181818181818
Nexoon,2,49,48,13,12,29,32887,14,94,43,5,88.18181818181819
Florian,5,28,35,12,10,17,88352,67,99,70,3,57.27272727272727
Florian,5,26,35,5,18,17,70232,25,99,24,11,55.45454545454545
Faerix,3,48,1,6,3,43,173620,75,96,88,5,44.54545454545455
Aquari,3,25,7,7,14,23,5884,70,101,26,26,29.09090909090909
Emotivor,1,46,7,1,11,17,114913,77,86,60,16,48.18181818181818
Sentire,1,33,10,3,14,14,90110,79,96,27,17,39.09090909090909
Quixnar,5,44,12,2,20,3,31693,26,96,34,0,50.90909090909091
Emotivor,2,45,44,8,23,15,40931,30,86,98,10,80.9090909090909
Cybex,3,19,38,0,18,12,21412,38,99,5,17,51.81818181818182
Sentire,4,46,31,0,16,31,132619,67,96,42,38,70.0
Zorblax,5,31,48,10,24,21,10624,4,111,33,6,71.81818181818181
Quixnar,4,18,7,3,15,20,11742,47,96,27,3,22.727272727272727
Sentire,3,21,40,17,0,16,51985,31,96,12,22,55.45454545454545
Florian,4,47,33,2,1,17,5266,92,99,79,18,72.72727272727273
Florian,3,38,41,8,20,20,43978,72,99,90,13,71.81818181818181
Emotivor,5,10,19,24,20,14,76863,7,86,36,8,26.36363636363636
Cybex,4,41,10,15,9,5,25290,17,99,82,21,46.36363636363636
Mythron,2,19,27,0,13,10,83781,81,122,58,20,41.81818181818181
Mythron,4,28,25,7,20,28,83899,32,122,55,18,48.18181818181818
Sentire,4,45,13,18,20,20,99736,23,96,65,13,52.72727272727272
Quixnar,1,23,12,1,5,2,97179,78,96,61,13,31.818181818181817
Cybex,4,49,39,0,6,29,44435,1,99,85,2,80.0
Mythron,2,27,31,20,5,13,39593,90,122,10,20,52.72727272727272
Quixnar,1,41,10,16,13,24,33307,46,96,18,13,46.36363636363636
Zorblax,4,47,21,5,13,41,76914,94,111,89,14,61.81818181818181
Mythron,3,12,48,32,14,6,16741,19,122,54,1,54.54545454545454
Mythron,1,21,49,19,13,25,15392,89,122,89,18,63.63636363636363
Emotivor,5,6,5,5,17,12,74132,100,86,93,18,10.0
Florian,2,32,49,12,6,32,46814,75,99,82,5,73.63636363636363
Emotivor,4,25,36,6,17,3,99342,78,86,80,8,55.45454545454545
Aquari,2,43,26,17,22,12,110113,41,101,72,1,62.727272727272734
Florian,3,15,8,5,0,29,61244,34,99,92,8,20.909090909090907
Quixnar,3,27,11,15,2,21,96183,45,96,56,18,34.54545454545455
Sentire,3,30,13,6,28,4,39629,61,96,96,14,39.09090909090909
Faerix,5,27,17,9,2,28,2837,27,96,62,14,40.0
Cybex,3,26,35,13,10,1,36084,29,99,0,0,55.45454545454545
Quixnar,3,15,2,4,4,27,1029,21,96,61,11,15.454545454545453
Zorblax,2,31,34,14,17,2,68257,81,111,21,7,59.09090909090909
Nexoon,4,8,34,1,11,8,32969,6,94,30,24,38.18181818181819
Emotivor,2,19,18,9,2,8,42241,7,86,16,34,33.63636363636363
Quixnar,2,7,47,9,21,15,42001,39,96,48,1,49.09090909090909
Faerix,3,1,6,15,17,20,20393,80,96,89,14,6.363636363636363
Mythron,1,44,31,13,17,23,126628,16,122,25,5,68.18181818181817
Zorblax,3,14,46,26,10,25,32510,47,111,68,17,54.54545454545454
Cybex,1,3,29,17,26,24,23220,35,99,42,3,29.09090909090909
Mythron,5,48,19,2,16,5,85095,12,122,35,3,60.909090909090914
Florian,3,2,17,7,8,18,28259,2,99,74,17,17.272727272727273
Mythron,3,36,46,26,11,20,9575,19,122,87,10,74.54545454545455
Aquari,4,8,40,12,1,27,28016,96,101,46,1,43.63636363636363
Emotivor,4,42,39,10,20,23,21254,85,86,99,2,73.63636363636363
Cybex,2,31,1,12,6,20,6895,70,99,21,10,29.09090909090909
Aquari,5,41,25,16,12,10,4692,51,101,78,19,60.0
Emotivor,2,49,43,14,10,27,78898,49,86,40,37,83.63636363636363
Zorblax,5,36,16,28,3,29,86177,48,111,30,30,47.27272727272727
Quixnar,3,26,17,3,1,2,30817,84,96,87,10,39.09090909090909
Mythron,4,40,2,15,2,26,17197,0,122,42,1,38.18181818181819
Quixnar,1,14,27,0,20,7,101006,38,96,95,20,37.27272727272727
Quixnar,2,22,40,15,17,26,53697,60,96,53,16,56.36363636363636
Faerix,2,7,10,5,15,24,41576,32,96,79,5,15.454545454545453
Nexoon,2,37,43,4,22,17,34571,72,94,19,18,72.72727272727273
Nexoon,1,50,6,12,3,27,42547,7,94,54,4,50.90909090909091
Sentire,3,2,45,11,16,16,17319,55,96,63,8,42.72727272727273
Sentire,5,20,26,16,7,18,60334,6,96,71,8,41.81818181818181
Faerix,4,28,1,19,2,2,46558,71,96,14,19,26.36363636363636
Faerix,4,4,27,0,14,8,29823,85,96,84,7,28.18181818181818
Sentire,4,3,37,6,9,14,70779,17,96,13,3,36.36363636363637
Florian,2,15,18,14,10,27,31038,22,99,11,0,30.0
Florian,4,30,14,20,3,22,25874,85,99,39,0,40.0
Emotivor,4,9,23,17,7,5,68347,12,86,6,15,29.09090909090909
Mythron,4,32,39,28,10,23,88920,54,122,52,4,64.54545454545455
Cybex,1,32,41,1,16,12,70697,93,99,33,20,66.36363636363637
Faerix,4,42,49,20,10,24,5214,40,96,17,17,82.72727272727273
Sentire,2,49,27,0,20,14,9148,1,96,23,14,69.0909090909091
Florian,3,10,12,13,17,30,55459,91,99,29,12,20.0
Nexoon,2,44,34,11,13,2,84908,79,94,82,4,70.9090909090909
Faerix,3,16,37,20,9,14,11392,100,96,33,13,48.18181818181818
Quixnar,2,13,39,6,14,48,72126,79,96,6,5,47.27272727272727
Cybex,5,30,40,2,14,19,77526,0,99,50,9,63.63636363636363
Cybex,5,9,10,8,18,4,81065,10,99,21,5,17.272727272727273
Aquari,4,10,39,3,19,11,23457,69,101,96,9,44.54545454545455
Faerix,3,32,1,4,4,9,92939,82,96,29,13,30.0
Emotivor,5,21,17,16,12,22,85622,84,86,21,16,34.54545454545455
Emotivor,2,3,13,19,12,4,270,64,86,55,15,14.545454545454545
Nexoon,4,19,14,4,10,11,50757,1,94,81,16,30.0
Nexoon,2,32,11,19,21,52,13036,41,94,22,15,39.09090909090909
Aquari,1,28,21,4,6,11,2798,65,101,44,20,44.54545454545455
Quixnar,4,28,23,19,9,9,28411,94,96,98,14,46.36363636363636
Sentire,2,34,22,19,12,8,64474,78,96,49,15,50.90909090909091
Aquari,1,47,20,12,20,35,90334,77,101,90,9,60.909090909090914
Sentire,1,29,3,19,3,27,64495,79,96,64,9,29.09090909090909
Cybex,2,27,43,0,7,1,11095,88,99,52,18,63.63636363636363
Quixnar,5,25,45,0,17,33,56159,5,96,12,5,63.63636363636363
Cybex,2,36,26,17,16,15,88009,49,99,91,14,56.36363636363636
Aquari,3,15,21,9,13,2,50961,0,101,76,0,32.72727272727273
Nexoon,4,24,43,2,27,13,72513,38,94,48,18,60.909090909090914
Aquari,1,50,24,13,17,34,71454,71,101,71,0,67.27272727272727
Aquari,2,19,10,19,1,18,4717,38,101,50,5,26.36363636363636
Nexoon,3,26,19,20,15,19,46290,18,94,95,9,40.909090909090914
Quixnar,2,27,25,13,12,8,82550,43,96,66,19,47.27272727272727
Florian,2,18,35,3,6,30,49752,80,99,58,1,48.18181818181818
Mythron,4,47,13,14,7,28,34574,27,122,3,18,54.54545454545454
Nexoon,1,1,28,11,2,7,112291,52,94,65,12,26.36363636363636
Nexoon,3,37,30,17,6,37,22519,17,94,39,4,60.909090909090914
Sentire,5,32,39,26,19,34,70603,84,96,11,3,64.54545454545455
Mythron,4,43,42,11,18,27,28540,59,122,68,15,77.27272727272727
Faerix,2,26,31,16,7,55,85549,49,96,97,5,51.81818181818182
Florian,4,34,50,0,19,1,54246,19,99,24,14,76.36363636363637
Cybex,2,31,12,19,9,29,7439,77,99,93,4,39.09090909090909
Faerix,1,24,2,6,1,20,44911,49,96,15,14,23.636363636363637
Zorblax,3,38,35,2,5,13,51714,50,111,89,3,66.36363636363637
Nexoon,5,37,38,4,18,14,30988,9,94,85,7,68.18181818181817
Mythron,3,24,35,12,23,21,65570,24,122,73,8,53.63636363636364
Sentire,5,37,40,0,13,39,93123,12,96,15,20,70.0
Emotivor,3,45,17,11,13,11,8861,61,86,10,15,56.36363636363636
Quixnar,3,20,0,20,14,3,29950,67,96,26,6,18.181818181818183
Florian,4,34,18,0,25,8,80064,98,99,37,6,47.27272727272727
Aquari,4,6,8,12,25,12,14880,87,101,22,2,12.727272727272727
Mythron,2,24,4,2,19,18,31805,48,122,95,8,25.454545454545453
Cybex,1,18,46,11,3,40,84144,17,99,4,9,58.18181818181818
Quixnar,2,6,1,20,7,51,8888,51,96,11,1,6.363636363636363
Cybex,2,5,15,17,0,5,56446,95,99,77,15,18.181818181818183
Zorblax,3,0,34,3,4,21,8439,47,111,82,11,30.909090909090907
Zorblax,5,13,46,4,11,30,7147,44,111,59,14,53.63636363636364
Zorblax,4,16,21,13,3,26,25330,3,111,88,29,33.63636363636363
Sentire,1,4,38,7,30,17,91960,84,96,49,0,38.18181818181819
Sentire,2,13,35,11,17,15,87047,100,96,4,9,43.63636363636363
Mythron,4,44,32,18,3,1,19687,44,122,80,2,69.0909090909091
Sentire,1,12,30,10,11,55,39534,34,96,1,16,38.18181818181819
Cybex,5,37,46,17,18,4,37337,99,99,99,8,75.45454545454545
Mythron,4,27,41,6,19,24,111179,57,122,75,18,61.81818181818181
Nexoon,3,44,2,13,20,8,49180,85,94,81,14,41.81818181818181
Mythron,5,3,24,12,6,8,35417,80,122,8,12,24.545454545454547
Emotivor,3,50,38,7,0,31,85467,28,86,41,20,80.0
Sentire,2,6,34,27,5,9,31851,21,96,8,19,36.36363636363637
Quixnar,5,24,44,19,13,29,2730,11,96,82,10,61.81818181818181
Mythron,3,23,7,11,7,13,46155,93,122,27,31,27.27272727272727
Aquari,5,8,35,2,18,27,70246,87,101,39,1,39.09090909090909
Aquari,4,28,28,3,9,21,92359,31,101,42,19,50.90909090909091
Aquari,1,19,12,10,8,31,12137,56,101,50,3,28.18181818181818
Nexoon,1,14,11,5,15,16,37178,39,94,86,16,22.727272727272727
Faerix,3,39,19,4,3,19,20025,98,96,96,11,52.72727272727272
Mythron,2,7,4,19,16,18,77398,8,122,55,17,10.0
Nexoon,3,28,2,14,6,23,43893,53,94,14,16,27.27272727272727
Mythron,1,48,15,8,6,19,4031,5,122,19,4,57.27272727272727
Zorblax,4,23,12,2,0,24,36533,62,111,93,8,31.818181818181817
Florian,2,1,24,13,16,20,67025,91,99,19,6,22.727272727272727
Sentire,2,20,41,7,19,1,40917,98,96,14,4,55.45454545454545
Sentire,4,12,8,8,4,4,97818,65,96,1,18,18.181818181818183
Sentire,4,45,25,14,6,34,87935,60,96,20,20,63.63636363636363
Zorblax,3,9,3,11,11,13,15115,58,111,33,18,10.909090909090908
Florian,2,30,43,14,4,7,99863,46,99,78,18,66.36363636363637
Nexoon,2,2,17,18,5,52,21716,1,94,67,23,17.272727272727273
Zorblax,2,6,18,12,5,24,93561,67,111,37,26,21.818181818181817
Zorblax,1,3,47,10,0,6,42478,50,111,12,1,45.45454545454545
Cybex,1,47,21,13,2,9,61015,94,99,94,17,61.81818181818181
Faerix,1,23,36,4,17,6,20807,92,96,30,20,53.63636363636364
Quixnar,5,45,26,4,9,1,14848,88,96,47,1,64.54545454545455
Zorblax,1,41,12,4,7,29,80117,87,111,0,8,48.18181818181818
Florian,5,42,5,13,10,32,44419,15,99,30,9,42.72727272727273
Aquari,3,1,37,19,11,30,1916,15,101,93,15,34.54545454545455
Florian,4,3,32,10,0,35,32187,95,99,40,1,31.818181818181817
Sentire,1,44,27,11,6,42,85799,12,96,10,9,64.54545454545455
Florian,2,1,50,9,15,7,116559,46,99,3,8,46.36363636363636
Mythron,2,16,32,19,11,9,61161,5,122,20,1,43.63636363636363
Nexoon,1,13,46,29,18,24,81199,67,94,43,0,53.63636363636364
Faerix,4,14,5,8,1,9,16505,36,96,24,5,17.272727272727273
Aquari,4,12,3,20,2,21,31307,100,101,6,15,13.636363636363635
Aquari,5,39,7,7,6,26,78287,100,101,5,20,41.81818181818181
Mythron,2,16,45,1,2,5,30948,69,122,52,17,55.45454545454545
Quixnar,1,7,28,3,1,30,9950,73,96,93,17,31.818181818181817
Florian,1,21,5,9,4,7,165147,34,99,0,20,23.636363636363637
Emotivor,2,25,48,18,2,29,175180,45,86,27,19,66.36363636363637
Nexoon,4,43,49,18,16,9,99485,25,94,76,7,83.63636363636363
Sentire,1,4,23,10,5,7,44703,10,96,95,6,24.545454545454547
Florian,1,14,7,10,9,18,35007,53,99,93,8,19.090909090909093
Faerix,2,0,9,7,17,23,31388,41,96,96,10,8.181818181818182
Quixnar,3,0,1,12,15,14,3217,52,96,99,12,0.9090909090909091
Florian,2,16,27,17,13,28,68869,87,99,98,9,39.09090909090909
Sentire,3,1,13,6,20,30,51680,34,96,65,4,12.727272727272727
Florian,5,36,4,12,9,30,46976,0,99,94,7,36.36363636363637
Cybex,3,43,15,18,9,7,36475,57,99,63,14,52.72727272727272
Mythron,1,45,30,6,14,29,70811,8,122,42,15,68.18181818181817
Faerix,3,47,24,6,12,26,82915,64,96,66,20,64.54545454545455
Sentire,1,6,16,19,5,28,52186,90,96,51,12,20.0
Mythron,3,41,49,18,1,15,57855,50,122,21,23,81.81818181818183
Sentire,2,42,23,6,1,1,99170,12,96,92,10,59.09090909090909
Quixnar,4,19,23,15,0,17,81158,6,96,8,16,38.18181818181819
Emotivor,4,0,29,11,14,8,39375,19,86,88,12,26.36363636363636
Quixnar,2,21,25,6,4,19,24235,18,96,28,1,41.81818181818181
Nexoon,2,30,42,5,5,24,84342,68,94,22,20,65.45454545454545
Faerix,1,16,28,18,2,12,59393,17,96,41,16,40.0
Aquari,5,50,25,8,14,45,80274,84,101,41,11,68.18181818181817
Mythron,5,31,9,1,10,5,64454,98,122,95,12,36.36363636363637
Zorblax,1,4,36,12,12,30,31931,75,111,83,18,36.36363636363637
Mythron,3,0,14,5,5,29,39040,56,122,15,11,12.727272727272727
Nexoon,1,44,12,17,3,1,30745,96,94,91,7,50.90909090909091
Mythron,3,43,46,19,12,27,82635,58,122,0,19,80.9090909090909
Emotivor,3,10,37,14,10,36,52541,31,86,1,10,42.72727272727273
Sentire,5,4,3,7,30,23,88634,28,96,15,11,6.363636363636363
Sentire,1,44,19,6,13,23,44960,20,96,10,3,57.27272727272727
Sentire,1,26,47,1,22,5,77604,92,96,24,9,66.36363636363637
Quixnar,2,2,44,14,23,14,58469,59,96,3,6,41.81818181818181
Sentire,2,6,14,4,14,13,4740,59,96,46,4,18.181818181818183
Nexoon,3,29,37,12,3,21,60315,44,94,24,1,60.0
Zorblax,3,25,1,17,18,23,12301,90,111,33,34,23.636363636363637
Mythron,5,17,4,3,16,17,97078,83,122,45,11,19.090909090909093
Emotivor,4,32,40,17,37,6,88899,16,86,61,7,65.45454545454545
Mythron,2,43,37,17,19,12,13671,29,122,84,9,72.72727272727273
Florian,5,20,33,17,8,27,78272,52,99,41,14,48.18181818181818
Faerix,1,29,43,8,11,7,65106,16,96,12,13,65.45454545454545
Faerix,2,6,35,18,19,30,88297,49,96,97,15,37.27272727272727
Faerix,2,28,41,18,3,24,15168,20,96,56,3,62.727272727272734
Emotivor,1,0,43,9,17,16,13921,3,86,28,11,39.09090909090909
Cybex,1,20,41,11,5,14,118393,74,99,47,9,55.45454545454545
Emotivor,1,39,27,9,0,14,57421,3,86,65,14,60.0
Florian,4,32,1,0,14,27,42792,81,99,92,0,30.0
Zorblax,3,17,7,14,2,17,74284,17,111,93,18,21.818181818181817
Nexoon,2,1,24,15,13,40,26786,64,94,45,0,22.727272727272727
Zorblax,1,11,7,14,15,41,40772,70,111,88,4,16.363636363636363
Zorblax,4,27,46,11,20,40,11618,43,111,88,13,66.36363636363637
Faerix,2,41,40,2,15,21,10828,31,96,35,17,73.63636363636363
Emotivor,4,5,18,5,16,12,3015,24,86,89,8,20.909090909090907
Mythron,5,40,2,12,2,42,51238,78,122,54,2,38.18181818181819
Emotivor,3,2,46,16,18,9,58788,62,86,33,6,43.63636363636363
Mythron,5,19,2,0,16,26,23282,0,122,64,14,19.090909090909093
Aquari,1,7,2,20,2,1,46416,74,101,6,18,8.181818181818182
Zorblax,5,18,2,6,23,8,22916,97,111,91,7,18.181818181818183
Zorblax,1,20,24,5,18,29,44403,100,111,87,10,40.0
Aquari,3,5,40,8,18,12,93643,18,101,69,20,40.909090909090914
Faerix,5,43,8,5,2,24,82709,22,96,97,18,46.36363636363636
Faerix,5,5,28,17,19,2,61261,49,96,95,6,30.0
Emotivor,3,6,27,2,5,33,26597,50,86,52,10,30.0
Cybex,2,0,33,14,11,5,23258,5,99,13,5,30.0
Emotivor,4,13,44,1,14,50,35530,80,86,14,14,51.81818181818182
Florian,2,42,48,5,6,29,84286,26,99,84,24,81.81818181818183
Nexoon,1,38,27,10,13,32,16947,58,94,88,30,59.09090909090909
Nexoon,1,46,22,18,2,5,57475,68,94,59,20,61.81818181818181
Sentire,3,2,8,6,0,20,67934,50,96,60,10,9.090909090909092
Emotivor,1,8,45,2,23,7,76760,52,86,72,9,48.18181818181818
Faerix,4,34,50,20,27,7,90870,77,96,59,1,76.36363636363637
Aquari,4,8,3,3,11,27,85305,97,101,91,2,10.0
Nexoon,5,2,21,0,5,10,16357,72,94,3,16,20.909090909090907
Quixnar,1,28,10,18,20,14,39465,41,96,72,0,34.54545454545455
Florian,1,46,42,16,6,20,74442,44,99,41,10,80.0
Cybex,2,40,28,9,13,37,42048,41,99,9,12,61.81818181818181
Quixnar,2,47,39,6,19,8,156,100,96,82,9,78.18181818181819
Aquari,4,44,4,3,2,19,50632,6,101,39,9,43.63636363636363
Mythron,5,23,35,11,1,4,70554,0,122,31,1,52.72727272727272
Aquari,3,45,42,19,18,27,684,34,101,87,3,79.0909090909091
Florian,4,8,14,9,14,26,11222,87,99,8,7,20.0
Florian,1,23,14,15,6,17,27218,71,99,9,16,33.63636363636363
Cybex,5,37,40,18,12,10,59907,55,99,37,20,70.0
Florian,1,39,5,19,6,43,46099,18,99,0,30,40.0
Aquari,5,46,17,15,15,14,39564,30,101,16,3,57.27272727272727
Sentire,3,13,4,4,18,12,49717,69,96,94,7,15.454545454545453
Mythron,2,13,24,14,18,3,7288,65,122,39,1,33.63636363636363
Cybex,5,1,11,10,18,12,24609,95,99,71,9,10.909090909090908
Florian,3,44,33,28,20,22,123815,4,99,17,11,70.0
Sentire,4,22,9,10,5,21,70578,31,96,28,14,28.18181818181818
Mythron,5,14,42,9,8,3,35470,42,122,86,32,50.90909090909091
Quixnar,5,35,8,10,6,12,49844,57,96,67,3,39.09090909090909
Aquari,5,25,15,3,10,20,34772,6,101,85,7,36.36363636363637
Emotivor,5,3,16,9,7,29,74597,79,86,75,0,17.272727272727273
Cybex,2,49,49,17,13,24,86151,1,99,33,15,89.0909090909091
Zorblax,4,29,4,2,18,35,77529,26,111,32,7,30.0
Sentire,2,5,27,5,21,8,33536,50,96,15,18,29.09090909090909
Aquari,5,48,17,15,18,24,32673,80,101,65,11,59.09090909090909
Cybex,5,24,39,24,26,12,87249,24,99,13,16,57.27272727272727
Florian,1,24,20,0,12,13,28544,14,99,14,9,40.0
Emotivor,1,16,5,1,1,16,79613,26,86,34,13,19.090909090909093
Zorblax,3,21,15,6,2,15,57882,52,111,70,10,32.72727272727273
Aquari,1,30,42,3,10,29,54364,85,101,38,1,65.45454545454545
Quixnar,4,6,0,10,20,25,65074,68,96,7,11,5.454545454545454
Zorblax,3,13,39,20,2,2,97299,69,111,58,17,47.27272727272727
Nexoon,5,4,48,6,17,15,60863,14,94,47,17,47.27272727272727
Faerix,1,21,15,35,5,7,61225,77,96,15,7,32.72727272727273
Zorblax,3,26,22,10,7,26,21581,32,111,90,6,43.63636363636363
Emotivor,1,48,18,15,2,45,4199,64,86,48,10,60.0
Faerix,2,7,43,24,15,29,1064,38,96,99,17,45.45454545454545
Nexoon,3,25,38,16,13,13,70799,48,94,38,27,57.27272727272727
Sentire,5,2,40,13,4,31,17329,57,96,66,27,38.18181818181819
Zorblax,1,30,3,8,12,12,82724,96,111,50,7,30.0
Zorblax,3,2,42,6,19,16,137321,80,111,22,2,40.0
Florian,5,6,50,1,3,17,53080,100,99,10,6,50.90909090909091
Aquari,1,17,37,14,17,27,66745,22,101,8,9,49.09090909090909
Florian,1,12,9,15,6,9,70952,12,99,9,8,19.090909090909093
Zorblax,4,42,36,2,20,18,6789,85,111,65,24,70.9090909090909
Aquari,1,42,25,20,6,19,69773,27,101,64,19,60.909090909090914
Faerix,5,35,38,8,11,6,37399,35,96,58,5,66.36363636363637
Zorblax,1,25,37,0,13,8,94560,28,111,26,9,56.36363636363636
Mythron,5,32,11,19,14,23,46071,67,122,34,14,39.09090909090909
Faerix,4,13,8,8,11,38,93911,26,96,54,18,19.090909090909093
Florian,5,45,23,2,5,15,54170,20,99,12,16,61.81818181818181
Aquari,2,17,7,2,10,7,23021,7,101,59,16,21.818181818181817
Quixnar,1,50,1,10,14,32,16979,40,96,84,20,46.36363636363636
Mythron,1,4,3,12,15,21,68186,57,122,45,1,6.363636363636363
Cybex,2,39,29,10,22,28,9078,75,99,21,13,61.81818181818181
Zorblax,4,40,9,20,9,15,41555,6,111,51,12,44.54545454545455
Mythron,1,47,39,6,20,14,49362,24,122,83,19,78.18181818181819
Florian,2,10,35,8,11,16,16751,42,99,73,19,40.909090909090914
Florian,4,47,2,20,19,17,9356,8,99,60,7,44.54545454545455
Quixnar,1,49,0,9,14,16,10518,38,96,63,15,44.54545454545455
Sentire,5,12,31,7,21,43,63983,9,96,73,6,39.09090909090909
Aquari,3,34,34,5,18,24,26408,9,101,1,12,61.81818181818181
Mythron,2,39,44,6,18,9,1347,100,122,52,2,75.45454545454545
Aquari,1,5,8,5,12,38,27485,0,101,45,14,11.818181818181818
Quixnar,5,48,38,27,2,42,45180,32,96,4,31,78.18181818181819
Nexoon,2,13,46,9,1,45,3380,26,94,99,2,53.63636363636364
Florian,5,12,44,16,24,15,72669,31,99,74,20,50.90909090909091
Aquari,5,34,12,11,13,18,35616,58,101,73,33,41.81818181818181
Quixnar,4,42,23,14,26,4,21240,45,96,83,19,59.09090909090909
Emotivor,5,14,14,20,15,11,78154,50,86,15,20,25.454545454545453
Aquari,3,7,13,19,2,19,71866,30,101,76,15,18.181818181818183
Mythron,5,37,43,13,16,11,96790,34,122,94,19,72.72727272727273
Mythron,4,32,14,1,7,27,49352,72,122,5,14,41.81818181818181
Emotivor,2,33,4,1,15,25,41525,51,86,67,6,33.63636363636363
Quixnar,5,7,5,5,3,8,37162,77,96,18,0,10.909090909090908
Quixnar,5,26,12,5,16,44,52851,44,96,38,18,34.54545454545455
Quixnar,1,28,29,17,12,21,64933,74,96,96,19,51.81818181818182
Emotivor,4,33,46,0,0,10,86521,48,86,79,4,71.81818181818181
Faerix,2,1,21,5,1,18,51659,22,96,12,20,20.0
Faerix,3,26,14,8,0,29,32163,40,96,26,6,36.36363636363637
Florian,1,2,38,18,19,11,48686,8,99,79,11,36.36363636363637
Mythron,3,23,20,15,0,27,46186,82,122,5,13,39.09090909090909
Emotivor,3,5,22,18,12,22,60962,82,86,23,20,24.545454545454547
Aquari,5,29,10,19,19,6,52367,77,101,55,30,35.45454545454545
Faerix,4,32,12,18,17,1,146633,85,96,53,1,40.0
Quixnar,3,25,26,11,16,4,3212,71,96,83,9,46.36363636363636
Zorblax,4,41,45,12,0,26,31496,67,111,68,18,78.18181818181819
Cybex,2,5,1,6,3,7,66532,86,99,68,17,5.454545454545454
Zorblax,4,9,50,14,0,15,42782,83,111,24,8,53.63636363636364
Quixnar,1,49,46,4,6,6,18491,93,96,96,11,86.36363636363636
Zorblax,1,47,27,5,7,25,97139,40,111,60,20,67.27272727272727
Zorblax,5,44,32,18,18,5,27516,22,111,12,2,69.0909090909091
Florian,1,11,46,12,11,29,44563,48,99,68,0,51.81818181818182
Quixnar,3,5,37,10,13,58,8419,96,96,96,13,38.18181818181819
Zorblax,1,19,37,15,2,28,73045,98,111,47,17,50.90909090909091
Aquari,1,24,24,11,35,23,50741,80,101,91,6,43.63636363636363
Florian,5,21,47,6,3,8,30732,11,99,20,4,61.81818181818181
Zorblax,3,30,7,13,17,10,40725,68,111,55,1,33.63636363636363
Aquari,5,23,47,7,17,10,86444,62,101,10,18,63.63636363636363
Quixnar,4,20,12,1,12,28,28991,45,96,90,10,29.09090909090909
Cybex,1,17,19,2,35,17,26017,49,99,97,13,32.72727272727273
Nexoon,5,44,33,15,17,20,74132,86,94,28,12,70.0
Sentire,5,12,40,21,3,12,15245,38,96,11,6,47.27272727272727
Sentire,3,12,32,6,11,20,93579,66,96,12,21,40.0
Faerix,2,29,14,14,4,7,76397,9,96,74,27,39.09090909090909
Emotivor,1,40,5,2,3,17,78449,39,86,66,19,40.909090909090914
Faerix,1,12,30,12,11,11,66495,34,96,78,14,38.18181818181819
Zorblax,3,33,34,3,11,3,104459,100,111,6,24,60.909090909090914
Zorblax,3,3,28,3,17,46,35704,73,111,57,3,28.18181818181818
Nexoon,2,46,4,15,5,7,94144,88,94,83,8,45.45454545454545
Zorblax,2,24,11,20,9,23,43698,49,111,24,12,31.818181818181817
Mythron,4,20,28,9,18,25,73118,93,122,16,6,43.63636363636363
Mythron,5,41,20,13,10,19,15095,20,122,75,4,55.45454545454545
Sentire,5,34,2,18,24,13,14740,34,96,88,11,32.72727272727273
Aquari,1,27,41,12,15,2,69880,51,101,90,36,61.81818181818181
Sentire,4,9,50,14,6,23,78185,1,96,2,11,53.63636363636364
Mythron,4,2,17,16,14,40,99479,4,122,96,15,17.272727272727273
Mythron,1,8,16,6,3,51,58764,43,122,42,1,21.818181818181817
Nexoon,2,44,44,3,11,30,74042,3,94,61,4,80.0
Nexoon,2,9,12,7,19,10,44216,18,94,28,14,19.090909090909093
Faerix,5,31,50,11,21,36,88581,31,96,23,3,73.63636363636363
Sentire,2,24,16,9,12,35,20364,78,96,44,11,36.36363636363637
Emotivor,4,30,48,18,9,53,47119,73,86,37,9,70.9090909090909
Mythron,3,36,11,3,1,9,4571,42,122,78,5,42.72727272727273
Emotivor,5,23,37,17,9,18,91325,18,86,49,12,54.54545454545454
Florian,2,23,1,4,13,50,10612,18,99,68,17,21.818181818181817
Zorblax,1,24,17,5,10,27,49721,100,111,23,20,37.27272727272727
Florian,3,25,6,9,12,21,39003,38,99,32,20,28.18181818181818
Aquari,5,6,43,20,1,23,52202,31,101,84,0,44.54545454545455
Mythron,3,32,13,11,15,38,72219,10,122,84,2,40.909090909090914
Mythron,5,31,18,10,15,11,21596,76,122,4,19,44.54545454545455
Nexoon,4,5,13,7,3,26,61405,41,94,98,7,16.363636363636363
Aquari,5,32,43,14,9,6,71858,35,101,89,12,68.18181818181817
Nexoon,1,44,0,10,27,7,11706,50,94,32,10,40.0
Zorblax,5,12,48,2,3,37,55498,11,111,71,16,54.54545454545454
Florian,2,38,0,27,18,13,22334,2,99,9,20,34.54545454545455
Zorblax,3,4,4,12,22,20,60909,59,111,91,10,7.2727272727272725
Aquari,5,17,34,28,17,10,10384,9,101,66,16,46.36363636363636
Nexoon,2,34,7,18,10,20,2826,32,94,96,0,37.27272727272727
Aquari,5,22,29,10,20,28,45821,53,101,34,7,46.36363636363636
Florian,1,44,17,25,9,32,44331,13,99,84,16,55.45454545454545
Zorblax,1,43,39,8,0,12,90286,50,111,92,19,74.54545454545455
Faerix,5,26,34,17,10,30,42323,39,96,47,16,54.54545454545454
Aquari,4,12,30,3,12,9,64134,33,101,65,15,38.18181818181819
Cybex,5,32,46,4,0,15,33293,85,99,92,2,70.9090909090909
Cybex,5,1,17,6,17,12,92170,39,99,80,10,16.363636363636363
Mythron,1,48,41,8,8,36,46938,97,122,28,14,80.9090909090909
Florian,4,27,13,7,11,4,49359,37,99,68,15,36.36363636363637
Aquari,2,50,47,5,5,7,70649,60,101,47,13,88.18181818181819
Florian,3,32,43,1,17,11,3177,26,99,7,8,68.18181818181817
Florian,5,40,10,14,0,23,37478,56,99,47,19,45.45454545454545
Zorblax,2,43,12,8,15,28,23184,82,111,20,29,50.0
Faerix,5,9,42,18,9,25,85059,53,96,57,14,46.36363636363636
Emotivor,1,13,12,2,8,2,27193,71,86,80,14,22.727272727272727
Nexoon,5,7,4,18,13,46,55457,40,94,85,17,10.0
Quixnar,5,50,4,4,9,9,13818,1,96,99,18,49.09090909090909
Zorblax,1,23,38,8,7,40,23404,78,111,22,18,55.45454545454545
Zorblax,3,33,34,8,7,7,20887,17,111,69,20,60.909090909090914
Mythron,5,27,30,18,10,25,21579,43,122,21,15,51.81818181818182
Zorblax,3,3,40,6,13,4,88570,92,111,3,17,39.09090909090909
Sentire,3,40,32,35,6,29,16435,2,96,50,20,65.45454545454545
Faerix,2,14,1,6,1,18,85374,36,96,9,9,13.636363636363635
Aquari,3,36,29,29,11,4,98554,45,101,29,20,59.09090909090909
Emotivor,5,38,46,9,15,46,87286,100,86,79,14,76.36363636363637
Quixnar,3,10,18,16,8,7,93254,28,96,37,20,25.454545454545453
Emotivor,2,0,42,2,38,34,90612,25,86,98,5,38.18181818181819
Faerix,3,7,6,8,6,10,38694,44,96,85,15,11.818181818181818
Sentire,5,18,23,15,1,26,92897,78,96,71,19,37.27272727272727
Quixnar,5,48,50,1,20,29,73646,91,96,3,9,89.0909090909091
Mythron,4,1,12,4,13,17,28169,18,122,42,20,11.818181818181818
Emotivor,5,23,10,30,14,21,37271,74,86,81,7,30.0
Mythron,4,8,43,20,24,3,6863,69,122,19,10,46.36363636363636
Nexoon,3,38,43,0,16,22,19417,27,94,97,18,73.63636363636363
Quixnar,3,4,14,10,8,1,36355,55,96,77,7,16.363636363636363
Sentire,5,24,9,12,1,19,18766,37,96,85,15,30.0
Mythron,3,41,27,16,7,10,23942,58,122,68,11,61.81818181818181
Florian,3,28,27,10,19,1,10981,42,99,64,0,50.0
Quixnar,5,11,21,13,9,22,23747,49,96,30,17,29.09090909090909
Faerix,3,8,23,25,7,15,65334,29,96,23,10,28.18181818181818
Aquari,3,10,23,11,0,28,4699,98,101,61,9,30.0
Nexoon,1,39,43,17,19,25,74944,47,94,71,20,74.54545454545455
Zorblax,1,21,23,8,1,29,17497,91,111,50,28,40.0
Faerix,1,4,24,0,15,18,80173,43,96,91,14,25.454545454545453
Zorblax,3,33,6,13,25,1,57660,71,111,30,8,35.45454545454545
Quixnar,4,30,37,17,12,32,19774,58,96,27,2,60.909090909090914
Aquari,1,3,5,16,12,3,46138,80,101,89,7,7.2727272727272725
Zorblax,3,15,13,10,19,8,40649,76,111,11,7,25.454545454545453
Emotivor,5,16,40,18,17,19,49227,9,86,40,8,50.90909090909091
Cybex,2,5,44,15,16,7,1962,76,99,31,1,44.54545454545455
Florian,5,25,23,16,14,19,5628,40,99,68,11,43.63636363636363
Emotivor,2,20,25,20,11,2,42089,21,86,75,18,40.909090909090914
Aquari,3,10,29,15,22,13,76949,44,101,57,19,35.45454545454545
Zorblax,4,6,4,20,10,3,86169,10,111,35,0,9.090909090909092
Aquari,2,26,11,15,17,25,33526,74,101,20,12,33.63636363636363
Florian,4,16,10,7,10,44,81849,70,99,41,19,23.636363636363637
Cybex,2,11,27,0,20,9,86089,78,99,5,16,34.54545454545455
Emotivor,1,44,31,17,1,3,2275,91,86,47,5,68.18181818181817
Zorblax,2,37,42,9,10,9,68779,48,111,19,5,71.81818181818181
Zorblax,1,24,11,7,8,38,46554,8,111,88,15,31.818181818181817
Cybex,1,30,37,3,11,23,17175,87,99,82,20,60.909090909090914
Zorblax,3,21,32,7,9,30,62653,32,111,54,7,48.18181818181818
Sentire,2,36,29,0,17,22,10852,61,96,26,0,59.09090909090909
Cybex,1,49,49,10,10,27,93093,5,99,93,7,89.0909090909091
Mythron,4,7,5,7,20,20,71995,41,122,47,13,10.909090909090908
Cybex,1,22,39,12,16,26,95633,5,99,3,11,55.45454545454545
Mythron,2,44,50,10,9,6,48228,74,122,26,25,85.45454545454545
Aquari,1,10,41,9,2,17,25748,96,101,15,18,46.36363636363636
Aquari,2,40,7,6,34,17,97216,78,101,13,6,42.72727272727273
Nexoon,3,47,21,29,38,16,54180,1,94,15,11,61.81818181818181
Aquari,4,2,33,11,11,30,42805,62,101,56,2,31.818181818181817
Cybex,2,41,48,1,1,5,54315,49,99,11,4,80.9090909090909
Aquari,1,6,24,14,3,52,6943,96,101,40,4,27.27272727272727
Quixnar,2,28,49,17,16,28,170672,45,96,40,18,70.0
Cybex,2,0,44,2,4,1,92328,93,99,0,1,40.0
Aquari,4,28,6,20,5,43,61538,68,101,23,12,30.909090909090907
Nexoon,3,23,10,9,14,23,83265,63,94,17,11,30.0
Faerix,2,18,9,23,17,18,91238,21,96,92,19,24.545454545454547
Quixnar,2,13,8,13,16,10,46525,66,96,84,14,19.090909090909093
Florian,1,31,14,3,20,24,91552,81,99,59,20,40.909090909090914
Mythron,3,38,28,7,4,23,40071,8,122,57,5,60.0
Mythron,2,26,20,3,3,27,31549,21,122,16,17,41.81818181818181
Cybex,1,24,20,8,12,20,74149,54,99,41,11,40.0
Faerix,5,35,29,14,18,4,40644,47,96,5,7,58.18181818181818
Faerix,3,31,35,20,12,26,28741,25,96,23,15,60.0
Cybex,2,37,48,26,13,26,3626,1,99,14,23,77.27272727272727
Quixnar,1,23,35,6,14,4,23969,58,96,62,36,52.72727272727272
Mythron,3,1,38,31,11,1,88648,25,122,40,11,35.45454545454545
Emotivor,5,2,40,36,8,25,102587,48,86,77,3,38.18181818181819
Florian,3,50,39,13,1,25,6406,39,99,27,9,80.9090909090909
Mythron,3,2,49,18,28,30,4113,52,122,61,10,46.36363636363636
Zorblax,1,25,16,16,2,13,98288,60,111,54,10,37.27272727272727
Aquari,3,34,14,4,15,57,82961,13,101,20,1,43.63636363636363
Faerix,5,25,28,8,6,19,37602,61,96,36,17,48.18181818181818
Mythron,3,34,7,4,16,22,34157,71,122,86,7,37.27272727272727
Aquari,1,32,29,6,4,2,95447,8,101,68,28,55.45454545454545
Emotivor,2,43,34,8,0,17,7494,37,86,99,4,70.0
Emotivor,1,20,21,4,17,52,78808,71,86,86,19,37.27272727272727
Faerix,5,31,5,13,18,7,15914,0,96,90,7,32.72727272727273
Faerix,4,29,44,8,1,3,64024,81,96,0,14,66.36363636363637
Emotivor,4,14,5,16,3,26,96035,94,86,70,14,17.272727272727273
Nexoon,3,41,27,13,14,23,34627,82,94,39,19,61.81818181818181
Zorblax,1,21,30,10,5,23,25928,32,111,96,11,46.36363636363636
Quixnar,5,24,19,7,0,9,81588,2,96,33,17,39.09090909090909
Nexoon,5,7,18,19,20,32,48211,95,94,93,3,22.727272727272727
Zorblax,4,14,30,15,12,29,84636,92,111,24,14,40.0
Sentire,3,47,26,9,13,18,94753,11,96,37,16,66.36363636363637
Quixnar,5,26,23,1,17,27,52584,44,96,86,11,44.54545454545455
Faerix,1,48,39,8,26,28,88127,80,96,49,20,79.0909090909091
Sentire,5,20,45,2,18,13,17143,41,96,22,0,59.09090909090909
Florian,4,2,50,15,11,20,3653,53,99,45,7,47.27272727272727
Florian,4,37,21,0,18,21,64326,52,99,37,11,52.72727272727272
Cybex,3,1,16,9,6,13,92398,76,99,22,26,15.454545454545453
Quixnar,4,48,32,10,20,29,17952,37,96,44,19,72.72727272727273
Florian,5,33,6,12,7,6,53645,93,99,2,12,35.45454545454545
Nexoon,3,16,15,19,5,20,96270,33,94,93,0,28.18181818181818
Quixnar,1,12,35,19,24,29,30127,17,96,10,15,42.72727272727273
Faerix,5,25,24,14,1,18,79596,38,96,85,9,44.54545454545455
Faerix,3,40,11,16,8,6,64566,60,96,44,7,46.36363636363636
Florian,3,15,6,4,19,5,73801,5,99,47,3,19.090909090909093
Florian,5,4,40,3,6,5,60309,94,99,72,4,40.0
Mythron,4,0,47,7,8,19,36375,13,122,90,31,42.72727272727273
Quixnar,1,28,32,10,27,32,98796,16,96,18,16,54.54545454545454
Mythron,3,13,23,18,2,30,13146,45,122,49,12,32.72727272727273
Faerix,2,37,0,10,15,11,23197,58,96,24,8,33.63636363636363
Mythron,5,48,26,17,7,18,71878,81,122,27,18,67.27272727272727
Aquari,2,34,2,14,1,12,74118,65,101,46,28,32.72727272727273
Zorblax,4,13,31,8,11,28,45152,92,111,23,16,40.0
Cybex,4,36,38,15,20,7,21331,42,99,84,4,67.27272727272727
Quixnar,5,42,11,13,16,12,3100,13,96,10,9,48.18181818181818
Zorblax,3,9,36,9,14,30,59291,5,111,48,3,40.909090909090914
Quixnar,4,44,40,2,11,16,15703,34,96,80,4,76.36363636363637
Cybex,5,14,21,1,11,23,48637,64,99,75,14,31.818181818181817
Zorblax,3,36,41,6,1,25,10718,25,111,50,7,70.0
Nexoon,4,33,16,16,17,7,85204,88,94,39,20,44.54545454545455
Quixnar,5,31,15,5,0,15,85955,83,96,62,7,41.81818181818181
Quixnar,2,23,18,1,1,25,32094,2,96,60,25,37.27272727272727
Nexoon,1,50,40,7,15,22,30537,13,94,46,10,81.81818181818183
Mythron,5,10,48,15,11,31,30472,87,122,74,14,52.72727272727272
Aquari,2,4,4,12,17,24,84015,96,101,10,12,7.2727272727272725
Zorblax,2,29,10,16,17,25,77608,92,111,52,3,35.45454545454545
Mythron,3,23,2,14,18,28,14598,88,122,12,11,22.727272727272727
Florian,5,18,43,2,12,30,98122,84,99,84,5,55.45454545454545
Cybex,3,8,19,15,15,31,42574,44,99,76,10,24.545454545454547
Sentire,2,13,35,8,19,26,65064,15,96,86,8,43.63636363636363
Quixnar,3,26,37,20,22,39,59954,10,96,83,0,57.27272727272727
Mythron,2,4,42,17,13,25,29390,44,122,50,4,41.81818181818181
Zorblax,1,49,2,19,1,26,56660,32,111,76,14,46.36363636363636
Florian,5,38,42,15,3,8,45597,20,99,83,9,72.72727272727273
Nexoon,1,21,34,7,18,27,67603,74,94,85,6,50.0
Mythron,1,8,4,0,11,20,53184,84,122,92,8,10.909090909090908
Quixnar,3,36,8,19,2,13,14759,44,96,78,12,40.0
Nexoon,4,16,22,2,8,33,42982,46,94,29,10,34.54545454545455
Faerix,2,17,9,13,17,27,98228,12,96,52,0,23.636363636363637
Zorblax,1,33,41,1,10,18,30953,12,111,85,14,67.27272727272727
Florian,3,14,3,16,12,29,49618,40,99,86,0,15.454545454545453
Sentire,4,32,5,18,13,23,65613,63,96,26,1,33.63636363636363
Nexoon,1,41,12,17,8,19,17655,73,94,72,11,48.18181818181818
Cybex,3,28,2,16,25,25,62966,90,99,74,18,27.27272727272727
Cybex,3,13,39,10,30,36,151343,74,99,6,4,47.27272727272727
Faerix,4,28,14,13,18,13,61793,26,96,42,10,38.18181818181819
Aquari,3,10,15,10,14,6,8613,71,101,30,16,22.727272727272727
Mythron,1,36,2,19,7,32,58370,86,122,50,15,34.54545454545455
Emotivor,3,46,31,4,19,19,82538,56,86,27,1,70.0
Aquari,5,11,6,9,20,36,73715,12,101,72,24,15.454545454545453
Faerix,4,13,20,7,4,18,97825,1,96,76,23,30.0
Nexoon,3,49,22,16,13,4,31439,2,94,99,0,64.54545454545455
Emotivor,4,43,30,15,18,53,21151,28,86,1,21,66.36363636363637
Quixnar,5,0,10,12,19,21,98303,65,96,47,19,9.090909090909092
Cybex,2,35,23,13,17,24,69167,2,99,99,14,52.72727272727272
Florian,3,50,5,12,20,6,13687,54,99,59,13,50.0
Aquari,5,19,27,3,7,8,1308,33,101,89,9,41.81818181818181
Aquari,4,6,44,14,19,30,62521,45,101,39,17,45.45454545454545
Mythron,4,31,46,5,25,23,48469,81,122,25,19,70.0
Zorblax,3,44,12,1,11,14,17463,79,111,18,3,50.90909090909091
Cybex,4,13,38,10,15,17,86741,46,99,85,7,46.36363636363636
Quixnar,1,49,44,18,13,11,10709,50,96,99,1,84.54545454545455
Mythron,2,6,13,25,9,4,8103,100,122,55,26,17.272727272727273
Mythron,4,22,40,21,14,28,75565,43,122,48,6,56.36363636363636
Cybex,3,37,1,0,8,28,54285,91,99,97,16,34.54545454545455
Emotivor,1,22,30,4,6,9,90019,43,86,12,21,47.27272727272727
Cybex,4,5,39,14,1,20,3761,42,99,46,5,40.0
Aquari,2,30,26,6,3,23,57795,93,101,16,4,50.90909090909091
Quixnar,1,37,37,10,7,49,35068,49,96,37,19,67.27272727272727
Cybex,5,38,35,5,9,30,32230,5,99,67,8,66.36363636363637
Cybex,1,16,16,13,18,22,10980,49,99,76,13,29.09090909090909
Cybex,3,44,29,15,19,25,71793,1,99,55,6,66.36363636363637
Nexoon,4,42,8,17,15,39,90793,50,94,85,7,45.45454545454545
Cybex,1,28,21,9,4,7,133083,89,99,43,7,44.54545454545455
Florian,1,6,6,24,15,26,20058,49,99,99,17,10.909090909090908
Sentire,2,38,2,16,7,46,178201,15,96,43,12,36.36363636363637
Florian,4,32,39,18,18,5,1377,91,99,78,7,64.54545454545455
Zorblax,2,30,8,15,9,7,56569,27,111,5,18,34.54545454545455
Faerix,5,28,22,1,12,21,59404,77,96,31,15,45.45454545454545
Mythron,5,8,6,16,31,12,79511,93,122,29,5,12.727272727272727
Emotivor,2,18,38,5,13,30,86987,42,86,95,0,50.90909090909091
Nexoon,2,7,20,29,10,24,34152,51,94,94,3,24.545454545454547
Faerix,3,43,37,12,18,42,88570,34,96,79,15,72.72727272727273
Mythron,4,2,47,10,5,35,37210,1,122,43,19,44.54545454545455
Emotivor,1,26,44,5,0,22,53815,9,86,20,7,63.63636363636363
Nexoon,5,19,39,14,4,2,13822,96,94,34,6,52.72727272727272
Emotivor,4,4,36,5,0,18,8490,91,86,82,17,36.36363636363637
Zorblax,5,29,22,3,6,20,30619,65,111,7,7,46.36363636363636
Nexoon,5,50,9,19,8,38,71304,10,94,28,15,53.63636363636364
Florian,2,13,37,7,20,41,32373,65,99,27,16,45.45454545454545
Sentire,2,2,4,15,11,2,8406,70,96,94,9,5.454545454545454
Florian,3,41,24,11,26,5,20692,63,99,56,19,59.09090909090909
Zorblax,1,47,0,16,9,9,46595,32,111,56,16,42.72727272727273
Sentire,1,38,33,3,18,13,87279,91,96,4,9,64.54545454545455
Aquari,1,6,32,17,9,27,11004,90,101,99,8,34.54545454545455
Sentire,2,19,12,2,16,24,15788,56,96,31,12,28.18181818181818
Emotivor,3,31,23,35,13,4,141230,73,86,93,20,49.09090909090909
Emotivor,1,0,16,11,19,4,30026,35,86,36,13,14.545454545454545
Sentire,4,37,5,3,15,30,56601,69,96,14,18,38.18181818181819
Faerix,5,19,27,7,19,4,67012,9,96,52,16,41.81818181818181
Emotivor,4,41,29,9,2,26,16369,15,86,40,5,63.63636363636363
Florian,1,14,39,13,11,12,52821,98,99,57,4,48.18181818181818
Cybex,5,9,19,7,18,31,99880,79,99,81,2,25.454545454545453
Cybex,1,45,45,9,16,16,90494,72,99,82,13,81.81818181818183
Sentire,3,33,46,7,20,12,9120,80,96,42,3,71.81818181818181
Zorblax,1,50,29,7,33,17,66127,75,111,98,21,71.81818181818181
Cybex,4,9,47,11,10,19,55397,98,99,0,9,50.90909090909091
Cybex,5,33,41,3,10,5,36340,32,99,41,16,67.27272727272727
Nexoon,5,0,28,9,26,22,61543,92,94,13,6,25.454545454545453
Zorblax,5,11,10,12,16,14,61858,85,111,49,28,19.090909090909093
Florian,5,14,39,3,14,11,94591,86,99,14,19,48.18181818181818
Quixnar,1,5,40,5,22,21,15125,37,96,87,18,40.909090909090914
Mythron,2,15,7,10,17,27,45967,90,122,75,15,20.0
Nexoon,3,42,44,6,15,9,91477,15,94,74,2,78.18181818181819
Emotivor,4,35,42,5,14,42,18624,33,86,24,8,70.0
Zorblax,3,11,1,6,1,15,62505,48,111,2,18,10.909090909090908
Cybex,1,31,47,12,6,15,84492,60,99,95,17,70.9090909090909
Zorblax,2,18,4,14,15,24,3984,67,111,26,17,20.0
Cybex,5,34,34,17,14,20,39492,68,99,16,18,61.81818181818181
Sentire,4,33,39,1,15,26,46683,55,96,31,8,65.45454545454545
Nexoon,4,29,4,20,18,26,75564,42,94,13,7,30.0
Florian,4,5,11,15,4,15,41290,23,99,26,36,14.545454545454545
Quixnar,1,32,16,15,17,7,88500,66,96,78,15,43.63636363636363
Cybex,1,21,50,6,15,15,81083,92,99,27,24,64.54545454545455
Quixnar,3,45,8,7,20,28,71558,59,96,50,18,48.18181818181818
Faerix,4,27,8,7,20,25,1951,70,96,100,9,31.818181818181817
Quixnar,3,25,7,3,11,30,50170,29,96,74,0,29.09090909090909
Sentire,1,45,34,3,0,5,76905,38,96,9,7,71.81818181818181
Zorblax,2,0,45,10,2,10,13558,64,111,66,19,40.909090909090914
Nexoon,1,33,35,10,16,16,15487,39,94,0,13,61.81818181818181
Cybex,1,35,38,0,3,52,65728,78,99,84,29,66.36363636363637
Faerix,2,25,22,4,7,8,225,83,96,83,6,42.72727272727273
Emotivor,5,45,36,8,18,47,47198,65,86,28,0,73.63636363636363
Mythron,3,37,23,5,8,6,60663,98,122,32,6,54.54545454545454
Faerix,4,22,4,18,2,32,31518,91,96,28,1,23.636363636363637
Nexoon,4,13,24,19,31,10,49154,20,94,69,14,33.63636363636363
Florian,2,5,22,5,11,29,25158,73,99,75,3,24.545454545454547
Faerix,2,2,2,14,17,16,5493,31,96,71,29,3.6363636363636362
Nexoon,5,0,16,14,18,26,39515,67,94,93,4,14.545454545454545
Florian,3,39,32,20,8,26,19970,72,99,57,21,64.54545454545455
Cybex,2,14,39,17,0,3,56397,37,99,44,1,48.18181818181818
Cybex,3,24,13,18,1,10,11878,12,99,46,19,33.63636363636363
Cybex,5,7,32,1,5,20,51195,32,99,32,19,35.45454545454545
Sentire,4,20,1,10,13,16,10432,34,96,54,0,19.090909090909093
Aquari,4,15,43,15,5,12,58316,82,101,83,8,52.72727272727272
Cybex,3,43,20,3,1,10,22709,98,99,72,0,57.27272727272727
Emotivor,4,36,21,6,17,32,52199,81,86,86,16,51.81818181818182
Zorblax,4,35,32,5,17,5,44112,93,111,51,5,60.909090909090914
Zorblax,4,19,16,10,0,24,94429,97,111,47,4,31.818181818181817
Faerix,1,0,15,15,18,4,14048,93,96,86,4,13.636363636363635
Aquari,3,47,17,9,18,49,92635,100,101,43,22,58.18181818181818
Mythron,5,37,25,18,20,6,63528,25,122,68,13,56.36363636363636
Sentire,1,30,36,22,7,14,19651,46,96,19,2,60.0
Florian,3,12,9,14,3,17,4391,26,99,75,17,19.090909090909093
Florian,4,35,32,14,3,15,42115,40,99,75,15,60.909090909090914
Aquari,5,21,42,2,2,22,78342,46,101,53,17,57.27272727272727
Sentire,4,35,24,19,11,33,16328,2,96,96,5,53.63636363636364
Mythron,3,50,5,9,9,11,36284,8,122,46,4,50.0
Aquari,1,1,48,18,7,8,87771,0,101,84,0,44.54545454545455
Nexoon,5,5,25,19,1,10,1153,38,94,4,21,27.27272727272727
Cybex,2,8,5,2,9,13,42128,36,99,74,10,11.818181818181818
Faerix,4,10,42,18,8,19,45257,44,96,32,9,47.27272727272727
Florian,2,17,17,4,0,12,83842,96,99,1,19,30.909090909090907
Nexoon,5,8,23,19,11,17,63309,72,94,69,35,28.18181818181818
Florian,2,34,2,6,0,27,16448,72,99,24,18,32.72727272727273
Aquari,4,43,22,6,13,12,46863,3,101,79,10,59.09090909090909
Aquari,3,9,35,15,14,7,30610,33,101,38,5,40.0
Florian,2,41,5,13,13,8,66554,59,99,61,17,41.81818181818181
Cybex,1,28,16,18,4,30,33052,22,99,66,15,40.0
Cybex,2,23,15,2,12,18,86363,27,99,62,16,34.54545454545455
Cybex,5,9,46,17,17,32,76297,50,99,39,5,50.0
Emotivor,2,14,42,13,1,49,36468,5,86,13,18,50.90909090909091
Mythron,5,38,49,8,12,53,80641,17,122,86,20,79.0909090909091
Sentire,2,4,13,13,18,23,52999,43,96,71,16,15.454545454545453
Emotivor,2,48,12,7,4,10,46268,19,86,8,6,54.54545454545454
Emotivor,2,34,24,20,11,49,60907,39,86,47,18,52.72727272727272
Sentire,1,44,46,16,19,21,168121,81,96,18,11,81.81818181818183
Emotivor,1,3,45,15,15,7,41800,92,86,59,6,43.63636363636363
Faerix,3,20,35,0,15,8,38648,79,96,51,4,50.0
Mythron,5,5,20,2,2,25,40074,55,122,22,4,22.727272727272727
Aquari,1,42,10,20,11,22,45645,57,101,94,14,47.27272727272727
Zorblax,3,15,38,19,13,38,10029,62,111,64,4,48.18181818181818
Aquari,2,50,9,7,6,9,13369,92,101,81,20,53.63636363636364
Sentire,4,37,6,1,6,23,75229,69,96,4,4,39.09090909090909
Quixnar,3,3,13,16,13,26,56010,32,96,53,9,14.545454545454545
Emotivor,4,40,9,20,20,49,50855,42,86,42,1,44.54545454545455
Nexoon,1,37,16,5,12,10,60424,15,94,92,0,48.18181818181818
Sentire,3,38,41,8,18,12,72951,97,96,27,7,71.81818181818181
Cybex,3,24,26,13,2,3,80911,80,99,45,17,45.45454545454545
Quixnar,1,8,39,19,3,12,8167,42,96,58,37,42.72727272727273
Faerix,1,19,1,6,26,17,55105,2,96,29,5,18.181818181818183
Sentire,4,26,0,12,12,17,90068,20,96,42,1,23.636363636363637
Cybex,5,5,14,11,10,13,88770,43,99,46,26,17.272727272727273
Nexoon,5,4,36,14,9,4,57632,27,94,89,3,36.36363636363637
Sentire,1,23,25,12,15,27,71664,10,96,85,4,43.63636363636363
Quixnar,1,8,43,5,6,21,45933,27,96,40,15,46.36363636363636
Florian,1,38,28,6,4,2,71014,12,99,64,12,60.0
Emotivor,5,43,4,11,5,11,62129,59,86,59,13,42.72727272727273
Aquari,1,37,16,2,33,7,52655,75,101,4,2,48.18181818181818
Quixnar,3,5,36,4,0,3,98368,89,96,88,14,37.27272727272727
Mythron,4,45,26,7,16,29,63230,49,122,38,1,64.54545454545455
Nexoon,2,16,15,0,19,3,8774,83,94,71,5,28.18181818181818
Zorblax,1,47,25,10,4,43,49097,14,111,93,3,65.45454545454545
Nexoon,2,10,35,7,14,9,26895,48,94,4,3,40.909090909090914
Aquari,1,47,22,20,4,10,59555,68,101,79,10,62.727272727272734
Quixnar,4,46,27,12,2,24,54334,26,96,16,8,66.36363636363637
Faerix,5,17,35,18,11,20,41152,45,96,34,4,47.27272727272727
Quixnar,1,37,25,17,4,27,30395,72,96,24,0,56.36363636363636
Sentire,2,28,27,12,0,46,73268,51,96,2,9,50.0
Mythron,3,27,23,15,11,26,2029,8,122,26,19,45.45454545454545
Florian,1,1,2,17,8,19,9083,22,99,51,16,2.727272727272727
Nexoon,5,33,32,20,14,4,83824,94,94,61,8,59.09090909090909
Quixnar,2,37,1,15,13,13,14889,54,96,63,6,34.54545454545455
Zorblax,4,20,16,14,6,10,84485,16,111,68,11,32.72727272727273
Cybex,4,20,1,6,1,2,78561,27,99,30,18,19.090909090909093
Florian,2,14,26,3,12,9,20272,79,99,93,6,36.36363636363637
Emotivor,1,6,42,13,15,2,75431,40,86,52,1,43.63636363636363
Sentire,2,39,4,9,0,24,65018,100,96,25,8,39.09090909090909
Nexoon,4,30,21,8,1,1,92737,59,94,4,1,46.36363636363636
Sentire,3,2,7,11,19,27,88226,15,96,1,29,8.181818181818182
Nexoon,4,45,27,10,12,7,49428,29,94,34,12,65.45454545454545
Florian,3,13,49,4,6,8,33075,66,99,59,14,56.36363636363636
Faerix,3,34,3,13,12,2,96143,64,96,36,21,33.63636363636363
Nexoon,1,47,5,15,16,20,88183,21,94,7,8,47.27272727272727
Aquari,5,29,13,10,20,33,4760,40,101,33,0,38.18181818181819
Cybex,2,3,21,9,20,19,81946,59,99,34,2,21.818181818181817
Emotivor,4,19,29,18,15,14,65251,100,86,1,4,43.63636363636363
Faerix,1,10,4,11,12,26,12146,40,96,14,17,12.727272727272727
Emotivor,1,30,40,4,6,40,164499,95,86,1,16,63.63636363636363
Mythron,4,6,33,12,9,38,25996,50,122,95,3,35.45454545454545
Sentire,5,31,34,14,12,34,70912,75,96,26,19,59.09090909090909
Aquari,3,39,26,10,19,20,79550,36,101,28,0,59.09090909090909
Zorblax,1,5,10,3,0,17,8653,64,111,86,7,13.636363636363635
Mythron,5,42,43,15,9,24,98137,92,122,46,10,77.27272727272727
Nexoon,3,21,48,6,0,19,60606,6,94,81,14,62.727272727272734
Florian,4,18,40,19,13,25,66200,32,99,91,4,52.72727272727272
Nexoon,2,27,45,16,8,13,35744,89,94,25,10,65.45454545454545
Florian,4,15,44,6,21,1,19589,50,99,46,0,53.63636363636364
Mythron,2,33,16,13,13,12,68887,100,122,42,9,44.54545454545455
Zorblax,1,43,2,6,5,14,123672,3,111,41,13,40.909090909090914
Mythron,1,46,44,12,13,21,79021,47,122,68,2,81.81818181818183
Cybex,4,13,19,6,17,13,54084,26,99,99,7,29.09090909090909
Zorblax,2,22,22,6,24,19,9833,36,111,51,3,40.0
Zorblax,2,20,37,0,1,47,1825,53,111,68,5,51.81818181818182
Mythron,5,14,39,12,5,13,94808,10,122,71,13,48.18181818181818
Cybex,1,36,2,13,9,23,40606,25,99,58,2,34.54545454545455
Sentire,1,38,5,16,10,55,43455,34,96,50,9,39.09090909090909
Faerix,3,11,40,2,9,22,4447,25,96,63,3,46.36363636363636
Faerix,4,30,24,11,1,25,89572,75,96,41,23,49.09090909090909
Mythron,3,15,5,9,14,27,13933,90,122,39,12,18.181818181818183
Sentire,5,33,1,3,8,28,54441,28,96,35,2,30.909090909090907
Zorblax,2,50,35,17,26,28,21869,3,111,74,1,77.27272727272727
Cybex,2,19,16,13,28,28,44215,46,99,38,20,31.818181818181817
Aquari,4,38,44,13,32,30,100718,72,101,42,6,74.54545454545455
Sentire,4,3,30,10,2,20,99917,23,96,64,19,30.0
Florian,1,23,38,9,6,30,19644,18,99,81,13,55.45454545454545
Emotivor,3,39,31,27,13,29,31721,67,86,73,0,63.63636363636363
Cybex,4,18,37,18,3,3,30088,0,99,23,1,50.0
Sentire,3,44,43,1,18,24,25513,73,96,95,10,79.0909090909091
Cybex,3,8,0,14,6,25,46561,99,99,73,24,7.2727272727272725
Sentire,2,19,14,9,6,28,73316,99,96,51,20,30.0
Aquari,5,19,43,8,8,3,3395,0,101,93,5,56.36363636363636
Nexoon,5,27,23,10,4,11,54378,86,94,51,20,45.45454545454545
Quixnar,5,28,5,9,17,13,1901,10,96,27,11,30.0
Aquari,1,32,50,6,3,9,52234,88,101,6,20,74.54545454545455
Zorblax,4,3,32,11,23,4,51142,11,111,26,17,31.818181818181817
Florian,1,33,10,19,18,48,2515,46,99,79,14,39.09090909090909
Mythron,2,21,36,0,2,19,75512,81,122,91,19,51.81818181818182
Emotivor,3,1,36,11,2,4,31977,0,86,89,10,33.63636363636363
Mythron,3,40,6,4,9,28,44689,25,122,52,6,41.81818181818181
Nexoon,1,18,4,17,19,27,72329,76,94,94,3,20.0
Mythron,2,27,16,18,12,9,82341,30,122,95,10,39.09090909090909
Zorblax,3,1,28,4,2,25,87479,78,111,96,9,26.36363636363636
Quixnar,3,30,35,0,29,15,22979,31,96,39,5,59.09090909090909
Quixnar,3,17,29,5,13,19,33297,54,96,6,18,41.81818181818181
Mythron,5,44,17,7,34,11,44174,18,122,45,9,55.45454545454545
Mythron,4,41,15,2,20,28,6313,83,122,69,6,50.90909090909091
Zorblax,2,2,24,25,3,9,48042,28,111,47,20,23.636363636363637
Florian,1,5,37,6,1,26,88439,51,99,23,19,38.18181818181819
Aquari,4,34,10,20,26,16,33509,61,101,37,13,40.0
Florian,4,24,22,1,19,23,60630,14,99,24,0,41.81818181818181
Nexoon,4,21,46,0,13,25,10179,78,94,12,8,60.909090909090914
Faerix,4,45,26,8,10,14,37438,22,96,72,19,64.54545454545455
Quixnar,5,4,47,6,7,28,43292,72,96,14,16,46.36363636363636
Faerix,3,11,4,18,8,19,92395,31,96,80,15,13.636363636363635
Florian,3,34,44,1,15,21,49411,15,99,89,15,70.9090909090909
Quixnar,3,5,29,8,14,29,55190,25,96,94,0,30.909090909090907
Quixnar,3,50,16,17,7,6,78009,32,96,27,15,60.0
Cybex,3,46,45,12,10,23,38360,47,99,72,6,82.72727272727273
Mythron,4,36,36,13,12,1,90281,63,122,87,16,65.45454545454545
Florian,2,15,4,9,0,14,17324,64,99,83,1,17.272727272727273
Emotivor,1,12,4,4,17,8,12809,37,86,38,16,14.545454545454545
Nexoon,2,0,13,4,16,11,39751,31,94,5,17,11.818181818181818
Aquari,1,49,12,1,7,25,79541,8,101,50,11,55.45454545454545
Quixnar,4,22,1,19,4,3,54105,15,96,32,15,20.909090909090907
Sentire,3,44,16,1,13,24,29385,11,96,97,1,54.54545454545454
Zorblax,2,23,50,1,5,39,99393,42,111,73,12,66.36363636363637
Zorblax,5,49,7,19,6,29,98107,45,111,47,8,50.90909090909091
Emotivor,1,20,37,18,8,27,36226,15,86,39,5,51.81818181818182
Zorblax,3,3,50,5,6,3,38572,77,111,16,16,48.18181818181818
Emotivor,2,11,32,7,7,21,124125,57,86,69,14,39.09090909090909
Sentire,4,45,21,6,15,25,28814,0,96,38,0,60.0
Zorblax,1,40,15,34,16,40,43725,40,111,42,6,50.0
Sentire,4,29,20,7,6,22,83824,82,96,37,27,44.54545454545455
Mythron,3,1,28,13,9,39,55892,42,122,63,3,26.36363636363636
Faerix,2,2,35,15,2,13,93880,19,96,46,1,33.63636363636363
Aquari,1,0,24,17,3,39,86052,40,101,72,3,21.818181818181817
Zorblax,4,46,5,8,13,40,16636,98,111,29,11,46.36363636363636
Zorblax,2,22,37,9,14,11,126004,20,111,20,23,53.63636363636364
Florian,4,20,21,15,20,1,39370,56,99,100,8,37.27272727272727
Nexoon,4,27,31,14,2,27,31948,87,94,64,22,52.72727272727272
Nexoon,1,10,5,12,14,30,89250,93,94,20,18,13.636363636363635
Cybex,1,2,40,11,1,15,40963,93,99,11,4,38.18181818181819
Cybex,4,37,23,4,5,10,80134,22,99,27,8,54.54545454545454
Faerix,3,13,3,6,10,17,423,14,96,46,10,14.545454545454545
Aquari,2,49,8,20,0,16,92339,28,101,45,5,51.81818181818182
Quixnar,1,24,33,3,10,37,68520,83,96,43,4,51.81818181818182
Quixnar,2,15,24,8,6,26,148323,56,96,89,7,35.45454545454545
Cybex,2,35,41,8,7,27,95752,71,99,4,2,69.0909090909091
Emotivor,1,15,35,16,2,22,23573,45,86,56,17,45.45454545454545
Emotivor,5,13,3,9,4,21,12359,70,86,10,18,14.545454545454545
Zorblax,2,26,46,6,1,28,22781,68,111,13,31,65.45454545454545
Cybex,3,35,40,12,9,33,100843,6,99,40,29,68.18181818181817
Sentire,2,43,1,17,1,25,9638,89,96,45,9,40.0
Zorblax,3,30,2,3,22,35,82483,93,111,27,13,29.09090909090909
Faerix,1,5,50,14,23,46,69384,37,96,24,17,50.0
Mythron,4,42,28,3,10,34,87236,72,122,99,9,63.63636363636363
Sentire,2,21,14,19,18,7,97024,28,96,63,20,31.818181818181817
Faerix,2,23,13,12,10,27,170274,50,96,29,24,32.72727272727273
Cybex,3,29,48,19,9,24,96060,68,99,8,30,70.0
Zorblax,5,15,25,13,5,53,16248,34,111,31,20,36.36363636363637
Mythron,5,21,45,4,8,2,11955,60,122,6,9,60.0
Mythron,3,8,12,17,0,22,21436,50,122,91,18,18.181818181818183
Emotivor,1,40,30,8,28,25,49024,97,86,11,13,63.63636363636363
Sentire,3,30,32,15,1,14,88584,70,96,74,20,56.36363636363636
Sentire,3,29,2,8,14,11,1058,47,96,94,14,28.18181818181818
Emotivor,1,36,16,20,8,49,86309,100,86,30,9,47.27272727272727
Quixnar,5,5,17,0,9,25,49828,60,96,17,12,20.0
Mythron,1,13,38,11,20,18,69318,96,122,53,6,46.36363636363636
Mythron,4,10,28,9,5,10,46909,14,122,18,16,34.54545454545455
Nexoon,3,35,26,20,17,4,96956,33,94,32,19,55.45454545454545
Faerix,5,23,50,6,5,4,180763,15,96,71,14,66.36363636363637
Faerix,5,46,42,20,14,15,30108,86,96,95,11,80.0
Nexoon,4,31,1,6,20,11,17851,87,94,62,13,29.09090909090909
Mythron,2,40,13,20,11,10,32369,27,122,27,3,48.18181818181818
